{
    "phi-2": {
        "MMLU (all Subset - Templated)": {
            "exact_match": 0.35,
            "accuracy": 0.35,
            "f1_score": 0.36083333333333334,
            "precision": 0.675,
            "recall": 0.35,
            "rouge": {
                "rouge-l_f": 0.34999999824999994
            },
            "bleu": 0.014462538042595393,
            "meteor": 0.175,
            "bert_score": {
                "bertscore_precision": 0.9985470771789551,
                "bertscore_recall": 0.9985470771789551,
                "bertscore_f1": 0.9985470771789551
            }
        },
        "GSM8K (Reasoning Text Analysis)": {
            "exact_match": 0.0,
            "rouge": {
                "rouge-l_f": 0.0
            },
            "bert_score": {
                "bertscore_precision": 0.7588976621627808,
                "bertscore_recall": 0.8354942202568054,
                "bertscore_f1": 0.7952355146408081
            },
            "distinct_ngram": {
                "distinct_1": 0.05,
                "distinct_2": 0.0
            },
            "word_entropy": -0.0
        },
        "CNN/DailyMail Summarization": {
            "rouge": {
                "rouge-l_f": 0.23589023536890683
            },
            "bert_score": {
                "bertscore_precision": 0.8477768898010254,
                "bertscore_recall": 0.8693863153457642,
                "bertscore_f1": 0.8583500981330872
            },
            "meteor": 0.2509192019673585,
            "bleu": 0.03517233274090519,
            "distinct_ngram": {
                "distinct_1": 0.4297563504406428,
                "distinct_2": 0.7920377160817181
            },
            "word_entropy": 8.345233315117014
        },
        "OPUS-100 English-to-French": {
            "bleu": 0.01867987909914975,
            "meteor": 0.19243860681537675,
            "rouge": {
                "rouge-l_f": 0.20116538448659882
            },
            "bert_score": {
                "bertscore_precision": 0.7819074392318726,
                "bertscore_recall": 0.7823935747146606,
                "bertscore_f1": 0.7817872166633606
            }
        }
    },
    "gemma-7b": {
        "MMLU (all Subset - Templated)": {
            "exact_match": 0.3,
            "accuracy": 0.3,
            "f1_score": 0.22196428571428575,
            "precision": 0.4012820512820513,
            "recall": 0.3,
            "rouge": {
                "rouge-l_f": 0.2999999985
            },
            "bleu": 0.013915788418568711,
            "meteor": 0.15,
            "bert_score": {
                "bertscore_precision": 0.9986429214477539,
                "bertscore_recall": 0.9986429214477539,
                "bertscore_f1": 0.9986429214477539
            }
        },
        "GSM8K (Reasoning Text Analysis)": {
            "exact_match": 0.0,
            "rouge": {
                "rouge-l_f": 0.0
            },
            "bert_score": {
                "bertscore_precision": 0.7588976621627808,
                "bertscore_recall": 0.8354942202568054,
                "bertscore_f1": 0.7952355146408081
            },
            "distinct_ngram": {
                "distinct_1": 0.05,
                "distinct_2": 0.0
            },
            "word_entropy": -0.0
        },
        "CNN/DailyMail Summarization": {
            "rouge": {
                "rouge-l_f": 0.1973408922032889
            },
            "bert_score": {
                "bertscore_precision": 0.7502585649490356,
                "bertscore_recall": 0.7624298930168152,
                "bertscore_f1": 0.756128191947937
            },
            "meteor": 0.14149296542213513,
            "bleu": 0.0222058355598231,
            "distinct_ngram": {
                "distinct_1": 0.3400651465798046,
                "distinct_2": 0.5741595253790376
            },
            "word_entropy": 7.7083091295038395
        },
        "OPUS-100 English-to-French": {
            "bleu": 0.0559923804211843,
            "meteor": 0.3036446246718959,
            "rouge": {
                "rouge-l_f": 0.2928137718422431
            },
            "bert_score": {
                "bertscore_precision": 0.8366314768791199,
                "bertscore_recall": 0.8498986959457397,
                "bertscore_f1": 0.8428114056587219
            }
        }
    },
    "gemma-2b": {
        "MMLU (all Subset - Templated)": {
            "exact_match": 0.3,
            "accuracy": 0.3,
            "f1_score": 0.2806349206349206,
            "precision": 0.5578571428571429,
            "recall": 0.3,
            "rouge": {
                "rouge-l_f": 0.2999999985
            },
            "bleu": 0.013915788418568711,
            "meteor": 0.15,
            "bert_score": {
                "bertscore_precision": 0.9990571141242981,
                "bertscore_recall": 0.9990571141242981,
                "bertscore_f1": 0.9990571141242981
            }
        },
        "GSM8K (Reasoning Text Analysis)": {
            "exact_match": 0.0,
            "rouge": {
                "rouge-l_f": 0.0
            },
            "bert_score": {
                "bertscore_precision": 0.7588976621627808,
                "bertscore_recall": 0.8354942202568054,
                "bertscore_f1": 0.7952355146408081
            },
            "distinct_ngram": {
                "distinct_1": 0.05,
                "distinct_2": 0.0
            },
            "word_entropy": -0.0
        },
        "CNN/DailyMail Summarization": {
            "rouge": {
                "rouge-l_f": 0.19979738367915006
            },
            "bert_score": {
                "bertscore_precision": 0.8262607455253601,
                "bertscore_recall": 0.8375428915023804,
                "bertscore_f1": 0.8315834999084473
            },
            "meteor": 0.14395099422162122,
            "bleu": 0.016418928387767467,
            "distinct_ngram": {
                "distinct_1": 0.23206521739130434,
                "distinct_2": 0.39285714285714285
            },
            "word_entropy": 7.414249154489858
        },
        "OPUS-100 English-to-French": {
            "bleu": 0.013143272181550507,
            "meteor": 0.0968501432798698,
            "rouge": {
                "rouge-l_f": 0.11061557363567079
            },
            "bert_score": {
                "bertscore_precision": 0.7544440031051636,
                "bertscore_recall": 0.747330367565155,
                "bertscore_f1": 0.7505595684051514
            }
        }
    },
    "gpt2": {
        "MMLU (all Subset - Templated)": {
            "exact_match": 0.15,
            "accuracy": 0.15,
            "f1_score": 0.03913043478260869,
            "precision": 0.0225,
            "recall": 0.15,
            "rouge": {
                "rouge-l_f": 0.14999999925000002
            },
            "bleu": 0.01170173659660358,
            "meteor": 0.075,
            "bert_score": {
                "bertscore_precision": 0.9978649020195007,
                "bertscore_recall": 0.9978649020195007,
                "bertscore_f1": 0.9978649020195007
            }
        },
        "GSM8K (Reasoning Text Analysis)": {
            "exact_match": 0.0,
            "rouge": {
                "rouge-l_f": 0.0
            },
            "bert_score": {
                "bertscore_precision": 0.7588976621627808,
                "bertscore_recall": 0.8354942202568054,
                "bertscore_f1": 0.7952355146408081
            },
            "distinct_ngram": {
                "distinct_1": 0.05,
                "distinct_2": 0.0
            },
            "word_entropy": -0.0
        },
        "CNN/DailyMail Summarization": {
            "rouge": {
                "rouge-l_f": 0.1694535592194328
            },
            "bert_score": {
                "bertscore_precision": 0.8076332211494446,
                "bertscore_recall": 0.833778977394104,